keyword,type,theme,reach,table_stakes,bc_rank,total_results,top_1,top_1_pkg,top_2,top_2_pkg,top_3,top_3_pkg,top_4,top_4_pkg,top_5,top_5_pkg
crypto,unigram,Asset Coverage,51,TRUE,Not in top 30,30,"Crypto.com: Buy BTC, ETH & CRO",co.mona.android,Coinbase: Buy Crypto & Stocks,com.coinbase.android,Bybit: Buy Bitcoin & Crypto,com.bybit.app,Crypto.com: Onchain Wallet,com.defi.wallet,Trust: Crypto & Bitcoin Wallet,com.wallet.crypto.trustapp
bitcoin,unigram,Asset Coverage,47,TRUE,22,23,"Bitcoin.com Wallet: Buy, Sell",com.bitcoin.mwallet,MEXC: Buy Bitcoin BTC & Crypto,com.mexcpro.client,Coinbase: Buy Crypto & Stocks,com.coinbase.android,Bybit: Buy Bitcoin & Crypto,com.bybit.app,Bitcoin Miner Idle Tycoon Game,com.fumbgames.bitcoinminor
ethereum,unigram,Asset Coverage,45,TRUE,Not in top 30,30,Ethereum Wallet - HB Wallet,co.bacoor.android.hbwallet,Ethereum Blast - Earn ETH,com.bling.ethereumblast,"Bitcoin.com Wallet: Buy, Sell",com.bitcoin.mwallet,ETH Cloud Miner- Earn Ethereum,com.ether.aiminers,Status: Ethereum Crypto Wallet,im.status.ethereum
app,unigram,Identity & Brand Trust,44,TRUE,Not in top 30,30,Google,com.google.android.googlequicksearchbox,Apple Music,com.apple.android.music,"Apple TV: Shows, Movies & More",com.apple.atve.androidtv.appletv,Instagram,com.instagram.android,Google Maps,com.google.android.apps.maps
security,unigram,Security & Trust,44,TRUE,Not in top 30,24,I Am Security,com.NewFolderGames.IAmSecurirty,McAfee Security: Antivirus VPN,com.wsandroid.suite,F-Secure Mobile Security,com.lookout,Avast Antivirus & Security,com.avast.android.mobilesecurity,AVG AntiVirus & Security,com.antivirus
secure,unigram,Security & Trust,43,TRUE,Not in top 30,30,Secure VPN－Safer Internet,com.fast.free.unblock.secure.vpn,Securus Mobile,com.securus.videoclient,F-Secure: Total Security & VPN,com.fsecure.ms.safe,F-Secure Mobile Security,com.lookout,Moto Secure,com.motorola.securityhub
wallet,unigram,Custody & Storage,43,TRUE,Not in top 30,19,Google Wallet,,Samsung Wallet (Samsung Pay),com.samsung.android.spay,Wallet - Digital Wallet Card,com.cards.wallet.cardsapp,Wallet: Budget Expense Tracker,com.droid4you.application.wallet,Wallet Safe Card: Card Wallet,com.nfc.creditcard.wallet.cardkeeperx
assets,unigram,Asset Coverage,42,TRUE,Not in top 30,29,Asset Infinity v2,com.assetinfinity.app,Asset Essentials,com.dudesolutions.assetessentials,Asset Tiger,com.myassettag.assettiger,TP ASSETS,com.thinkproject.pocketmobile,Assets by Oomnitza,com.oomnitza.nat.assets
manage,unigram,Multi-Platform & Access,42,TRUE,Not in top 30,30,Manage Retail Store,com.manage.retail.store,monday.com - Work Management,com.monday.monday,Manage,com.thingtrax.manage,Manage Mobile,org.operatorapp,Manage-Mii,com.digiseq.managemii
eth,unigram,Asset Coverage,41,TRUE,Not in top 30,30,Ethereum Wallet - HB Wallet,co.bacoor.android.hbwallet,ETH Cloud Miner- Earn Ethereum,com.ether.aiminers,"Crypto.com: Buy BTC, ETH & CRO",co.mona.android,Coinbase: Buy Crypto & Stocks,com.coinbase.android,MetaMask: Trade Crypto,io.metamask
access,unigram,Multi-Platform & Access,40,TRUE,Not in top 30,30,Access More,com.accessbank.nextgen,Access Services LA,com.access.rider,UniFi Access,com.ui.access.app,MyACCESS Wisconsin,gov.wisconsin.dhs.accessmobile,Access,com.intecsoft.visitor.manager
support,unigram,Usability & Experience,40,TRUE,Not in top 30,10,Google Support Services,com.google.android.apps.helprtc,Zendesk Support,com.zendesk.android,Now Support,com.servicenow.support,AirDroid Remote Support,com.sand.airsos,E-SUPPORT,com.iedc.esupport
btc,unigram,Asset Coverage,39,TRUE,28,30,"Bitcoin.com Wallet: Buy, Sell",com.bitcoin.mwallet,BTCC - Trade Bitcoin & Crypto,com.btcc.hy,Bybit: Buy Bitcoin & Crypto,com.bybit.app,MEXC: Buy Bitcoin BTC & Crypto,com.mexcpro.client,"Crypto.com: Buy BTC, ETH & CRO",co.mona.android
buy,unigram,Trading Actions,39,TRUE,Not in top 30,30,eBay online shopping & selling,com.ebay.mobile,OfferUp - Buy. Sell. Local.,com.offerup,Best Buy: Shop tech deals,com.bestbuy.android,Mercari: Buy and Sell App,com.mercariapp.mercari,"Whatnot: Shop, Sell, Connect",com.whatnot_mobile
easily,unigram,Usability & Experience,34,FALSE,Not in top 30,30,Easily - Fast Delivery,solutions.easily.user,Learn English Easily - iStoria,sa.app.iStoria,Learn Afrikaans Easily,com.atistudios.mondly.af,AlifBee - Learn Arabic Easily,tr.com.arabeeworld.arabee,Learn English Easily,com.Leksi.English.Flashcards
send,unigram,Payments & Banking,34,FALSE,Not in top 30,11,Send files to TV,com.yablio.sendfilestotv,Send App (Prev. Send),com.flutterwave.send.prod,Send Anywhere (File Transfer),com.estmob.android.sendanywhere,Taptap Send: Money Transfer,com.taptapsend,sendit,com.fullsenders.sendit
ethereum eth,bigram,Trading Actions,33,FALSE,Not in top 30,30,Coinbase: Buy Crypto & Stocks,com.coinbase.android,"Crypto.com: Buy BTC, ETH & CRO",co.mona.android,Ethereum Blast - Earn ETH,com.bling.ethereumblast,Ethereum Wallet - HB Wallet,co.bacoor.android.hbwallet,Status: Ethereum Crypto Wallet,im.status.ethereum
tokens,unigram,Asset Coverage,33,FALSE,Not in top 30,30,Tokens,com.dpgsoft.tokens,Token Tails,com.tokentails.app,Digital Token,com.scotiabank.plato.digitaltoken,Slice Token,com.slicetoken.mobileapp,Token Transit,com.tokentransit.tokentransit
account,unigram,Account & Finance,32,FALSE,Not in top 30,29,easypaisa – a digital bank,pk.com.telenor.phoenix,Account Manager Plus,com.ahmedddev.account_manager,Account Center,com.heytap.usercenter,Account Space: Multi App&Clone,com.accspace.dapp,Account Manager - Ledger Book,com.zlinksoft.accountmanager
available,unigram,Multi-Platform & Access,32,FALSE,Not in top 30,30,Avatar World ®,com.pazugames.avatarworld,Available 24,com.available24.customer,YouTube,com.google.android.youtube,Google Calendar,com.google.android.calendar,Instagram,com.instagram.android
cryptocurrencies,unigram,Asset Coverage,32,FALSE,Not in top 30,26,MetaMask: Trade Crypto,io.metamask,CoinMarketCap: Crypto Tracker,com.coinmarketcap.android,Coinbase: Buy Crypto & Stocks,com.coinbase.android,"Crypto.com: Buy BTC, ETH & CRO",co.mona.android,OKX: Buy Bitcoin BTC & Crypto,com.okinc.okex.gp
trading,unigram,Trading Actions,32,FALSE,Not in top 30,15,TradingView: Track All Markets,com.tradingview.tradingviewapp,Vantage:All-In-One Trading App,cn.com.vau,Robinhood: Trading & Investing,com.robinhood.android,Investing.com: Stock Market,com.fusionmedia.investing,Forex Trading for Beginners,com.tiim.goforexx24
bitcoin btc,bigram,Asset Coverage,31,FALSE,17,19,"Bitcoin.com Wallet: Buy, Sell",,MEXC: Buy Bitcoin BTC & Crypto,com.mexcpro.client,OKX: Buy Bitcoin BTC & Crypto,com.okinc.okex.gp,Coinbase: Buy Crypto & Stocks,com.coinbase.android,"Crypto.com: Buy BTC, ETH & CRO",co.mona.android
explore,unigram,Multi-Platform & Access,31,FALSE,Not in top 30,12,explore.org,com.actolap.explore,Garmin Explore™,com.garmin.android.apps.explore,X-plore File Manager,com.lonelycatgames.Xplore,Explore Worldwide,com.vamoos.apps.exploreworldwide,Explore Foroyar,fo.exploreforoyar
funds,unigram,Account & Finance,31,FALSE,Not in top 30,13,SoLo Funds: Lend & Borrow,com.solofunds,SS FUNDS,com.ssfunds.ssfunds,FundsUp - Mutual Funds & SIPs,com.iw.fundsup,FundsIndia: Mutual Funds & SIP,com.fundsindia,Fund.Fwd,com.mycompany.fundfwdbeta
crypto wallet,bigram,Custody & Storage,30,FALSE,13,30,Trust: Crypto & Bitcoin Wallet,com.wallet.crypto.trustapp,Exodus: Crypto Bitcoin Wallet,exodusmovement.exodus,Crypto.com: Onchain Wallet,com.defi.wallet,"Bitcoin.com Wallet: Buy, Sell",com.bitcoin.mwallet,MetaMask: Trade Crypto,io.metamask
bank,unigram,Payments & Banking,30,FALSE,Not in top 30,30,Bank of America Mobile Banking,com.infonow.bofa,Chase Mobile,com.chase.sig.android,Wells Fargo Mobile®,com.wf.wellsfargomobile,U.S. Bank Mobile Banking,com.usbank.mobilebanking,Cash App,com.squareup.cash
digital,unigram,Asset Coverage,30,FALSE,Not in top 30,13,Digital xR Watch Face,com.watchfacestudio.awfdigitalxr,Digital Detox: Focus & Live,com.urbandroid.ddc,HMKWatch Digital 157,com.watchfacestudio.hmk_digi_157,Digital 1 Watch face,com.watchfacestudio.awfdigital1,Dash Digital: Watch face,com.watchfacestudio.awfdashdigital
experience,unigram,Usability & Experience,30,FALSE,Not in top 30,13,Experian®,com.experian.android,Experience Co.,com.bhx.app,Experience Mobile,com.verint.xm.daksha,Resident Experience,com.risesoftware.residentexp,My Disney Experience,com.disney.wdw.android
sell,unigram,Trading Actions,30,FALSE,Not in top 30,30,OfferUp - Buy. Sell. Local.,com.offerup,Mercari: Buy and Sell App,com.mercariapp.mercari,eBay online shopping & selling,com.ebay.mobile,"Whatnot: Shop, Sell, Connect",com.whatnot_mobile,Poshmark - Sell & Shop Online,com.poshmark.app
earn,unigram,Earning & Yield,29,FALSE,Not in top 30,30,Freecash: Earn Rewards,com.freecash.app2,Make Money: Play & Earn Cash,us.current.android,EarnStar: Play & Get Rewards,com.earnstar.games.earn.money,BrandBee: Earn Money & Rewards,com.embeepay.mpm,MISTPLAY: Play to Earn Money,com.mistplay.mistplay
market,unigram,Portfolio & Tracking,29,FALSE,Not in top 30,24,Investing.com: Stock Market,com.fusionmedia.investing,Back Market - Buy & Sell tech,com.backmarket,MarketWatch,com.marketwatch,My Supermarket Simulator 3D®,com.playspare.supermarket.store.simulator,StockEdge: Stock Market App,in.stockedge.app
sol,unigram,Asset Coverage,29,FALSE,Not in top 30,29,Shinhan Bank India SOL,com.shinhan.global.in.bank,S.O.L : Stone of Life EX,com.oddyarts.StoneOfLifeEXNative,Sol Stores,com.remal.sol,Shinhan SOL Viet Nam,com.shinhan.global.vn.bank,Sol Flower App,com.digitalawesome.sol.flower
securely,unigram,Security & Trust,28,FALSE,Not in top 30,29,Securly Pass,org.eduspiresolutions.ehp.app,Securly Home,com.securly.pnphub,Securely Sync Client,com.securitysafeapps,Securly Flex,com.flextimemanager.dev,Securly Visitor,com.securly.visitor
trade,unigram,Trading Actions,28,FALSE,Not in top 30,30,TradingView: Track All Markets,com.tradingview.tradingviewapp,E*TRADE: Invest. Trade. Save.,com.etrade.mobilepro.activity,eToro: Trade. Invest. Connect.,com.etoro.openbook,Power E*TRADE Advanced Trading,com.aperturegroup.mobile,MetaTrader 4 Forex Trading,net.metaquotes.metatrader4
control,unigram,Multi-Platform & Access,27,FALSE,Not in top 30,30,Control Widget - Themed Panels,com.ioscontrol.themed.control.center.smart,Control+,app.controlplus,Norton Family Parental Control,com.symantec.familysafety,Universal Remote Control TV,universal.remote.control.cast,The Roku App (Official),com.roku.remote
btc ethereum,bigram,Trading Actions,26,FALSE,21,30,"Crypto.com: Buy BTC, ETH & CRO",co.mona.android,Coinbase: Buy Crypto & Stocks,com.coinbase.android,Bitcoin Wallet : BTC & Crypto,com.flx.cryptokeeper,MEXC: Buy Bitcoin BTC & Crypto,com.mexcpro.client,Ethereum Blast - Earn ETH,com.bling.ethereumblast
rewards,unigram,Earning & Yield,26,FALSE,Not in top 30,19,Google Opinion Rewards,,Rewards,com.killi_app,Fetch: America’s Rewards App,com.fetchrewards.fetchrewards.hop,Freecash: Earn Rewards,com.freecash.app2,BrandBee: Earn Money & Rewards,com.embeepay.mpm
transactions,unigram,Payments & Banking,26,FALSE,Not in top 30,29,Transactions,dev.sanskar.transactions,Newsec Transaction,com.getonnet.newsec.newsec,My Transaction,com.tejswi.webviewapp,Google Translate,com.google.android.apps.translate,Wise: International Transfers,com.transferwise.android
trusted,unigram,Security & Trust,26,FALSE,Not in top 30,16,Trusted Health,com.trusted,Trusted Herd,com.th.trustedherd,Trusted Works,com.trustedmobileondemand,Trusted Data App,com.trustedglobal.TrustedDataApp,Caller ID: Trusted Call & SMS,com.caller.sms.trustedcall.app
buy sell,bigram,Trading Actions,25,FALSE,Not in top 30,30,OfferUp - Buy. Sell. Local.,com.offerup,eBay online shopping & selling,com.ebay.mobile,Mercari: Buy and Sell App,com.mercariapp.mercari,DitchIt - Buy and Sell Locally,com.app.ditchIt,Poshmark - Sell & Shop Online,com.poshmark.app
defi,unigram,DeFi & Web3,25,FALSE,Not in top 30,30,Defi App: Buy & Sell Crypto,com.defi.mobile,Crypto.com: Onchain Wallet,com.defi.wallet,"Bitcoin.com Wallet: Buy, Sell",com.bitcoin.mwallet,DEFI,com.donteverforgetit,"Degen Wallet: DeFi, Web3 & NFT",degen.wallet
portfolio,unigram,Portfolio & Tracking,25,FALSE,Not in top 30,30,Behance - Creative Portfolios,com.behance.behance,getquin - Portfolio Tracker,com.getquin.app,My Stocks Portfolio,co.peeksoft.stocks,Online Portal by AppFolio,com.appfolio.resident_portal,Portfolio X - Stock Tracker,io.portfoliox
world,unigram,Identity & Brand Trust,24,FALSE,Not in top 30,30,Avatar World ®,com.pazugames.avatarworld,Toca Boca World,com.tocaboca.tocalifeworld,Microsoft Word: Edit Documents,com.microsoft.office.word,Kalliu Game World: Life Story,com.sinyee.babybus.gameworld.design.home.friends.fun.life.story,Roblox,com.roblox.client
digital assets,bigram,Asset Coverage,23,FALSE,29,30,Digital Assets,com.wwda.digitalAssets,Digital Assets Forum,com.brella.daf,Fidelity Digital Assets℠,com.fidelitydigitalassets,DAA - Digital Asset Athena,io.vdax.daa,Digital Asset Preparation,com.nano.dap
cryptocurrency,unigram,Asset Coverage,23,FALSE,Not in top 30,20,"Bitcoin.com Wallet: Buy, Sell",com.bitcoin.mwallet,CoinMarketCap: Crypto Tracker,com.coinmarketcap.android,Coinbase: Buy Crypto & Stocks,com.coinbase.android,"Crypto.com: Buy BTC, ETH & CRO",co.mona.android,MetaMask: Trade Crypto,io.metamask
swap,unigram,Trading Actions,23,FALSE,Not in top 30,30,SWAP by Maritz,com.experient.swap,SWAP,com.swap.swap_ecommerce,SWAP,com.iapp.swap_app,SWAP - No ROOT,com.allakore.swapnoroot,Swap,com.kremed.swap
web3,unigram,DeFi & Web3,23,FALSE,Not in top 30,15,W3 Wallet: Defi & Web3 Wallet,app.w3wallet.w3wallet,MetaMask: Trade Crypto,io.metamask,OKX Wallet: Portal to Web3,com.okx.wallet,MEW crypto wallet: DeFi Web3,com.myetherwallet.mewwallet,Omni Web3 Wallet,fi.steakwallet.app
directly,unigram,Multi-Platform & Access,22,FALSE,Not in top 30,19,Directly OnDemand,,DIRECTV: TV & Movie Streaming,com.att.tv,Instagram,com.instagram.android,Reddit,com.reddit.frontpage,Messenger,com.facebook.orca
instantly,unigram,Usability & Experience,22,FALSE,Not in top 30,19,Instantly AI,,Instant Financial,com.beinstant.INSTANT,Slack,com.Slack,Instagram,com.instagram.android,Google Translate,com.google.android.apps.translate
information,unigram,Multi-Platform & Access,21,FALSE,Not in top 30,30,The Information: Tech News,com.theinformation.ticker,Information,dk.information,Information Hub,io.informationhub.app,Device Information specs,devsground.deviceinformations,Device Info: View phone info,com.liuzh.deviceinfo
store,unigram,Custody & Storage,21,FALSE,Not in top 30,30,Walmart: Shopping & Savings,com.walmart.android,Target: Shop. Style. Save.,com.target.ui,Amazon Shopping,com.amazon.mShop.android.shopping,eBay online shopping & selling,com.ebay.mobile,"Etsy: Shop Home, Style & More",com.etsy.android
simple,unigram,Usability & Experience,20,FALSE,Not in top 30,29,Simple・AI Weight Loss & Health,life.simple,WhatsApp Messenger,com.whatsapp,"TikTok - Videos, Shop & LIVE",com.zhiliaoapp.musically,Telegram,org.telegram.messenger,Google Messages,com.google.android.apps.messaging
time,unigram,Portfolio & Tracking,20,FALSE,Not in top 30,30,Clock,com.google.android.deskclock,Clock,com.sec.android.app.clockpackage,Time Timer Visual Productivity,com.timetimer.android,Digital Clock Widget,com.maize.digitalClock,Flip Clock: World Clock,com.wssc.simpleclock
btc eth,bigram,Trading Actions,19,FALSE,20,30,"Crypto.com: Buy BTC, ETH & CRO",co.mona.android,Gate: Trade BTC & ETH,com.gateio.gateio,"Toobit: Buy BTC, ETH & Crypto",com.planet.toobit,Coinbase: Buy Crypto & Stocks,com.coinbase.android,BTCC - Trade Bitcoin & Crypto,com.btcc.hy
decentralized,unigram,DeFi & Web3,19,FALSE,22,30,DMail - Decentralized Email,earth.ncog.dmail,Decentralized Euro Wallet,eu.deurowallet.wallet,Decentraland,org.decentraland.godotexplorer,DVPN — Decentralized VPN,io.norselabs.dvpn,MetaMask: Trade Crypto,io.metamask
blockchain,unigram,DeFi & Web3,19,FALSE,Not in top 30,13,Blockchain Wallet: Buy BTC,,"Bitcoin.com Wallet: Buy, Sell",com.bitcoin.mwallet,Learn Blockchain Programming,crypto.learn.blockchain.programming.coding.cryptocurrency.bitcoin,Coinomi: Crypto Bitcoin Wallet,com.coinomi.wallet,Blockchain-Investor,de.onedigital.blockchaininvestor.customer
connect,unigram,Multi-Platform & Access,19,FALSE,Not in top 30,30,Garmin Connect™,com.garmin.android.apps.connectmobile,Connect IQ™ Store,com.garmin.connectiq,Health Connect,com.google.android.apps.healthdata,Smart Connect,com.motorola.mobiledesktop,Connect The Dots - Color Dots,com.ai.link.connect.dots
nfts,unigram,DeFi & Web3,19,FALSE,Not in top 30,23,OpenSea: NFT marketplace,io.opensea,SafePal: Crypto Wallet BTC NFT,io.safepal.wallet,Devikins: Epic NFT/Crypto Game,com.moonlabs.devikins,NFT Creator & Wallet - Minty,app.mintynft.android,"Degen Wallet: DeFi, Web3 & NFT",degen.wallet
cash,unigram,Payments & Banking,18,FALSE,Not in top 30,19,Cash App,,ATM Cash Advance・Instant Money,com.atm.atm.prod,"Dave: Credit, Cash & Money App",com.dave,FloatMe: Fast Cash Advance App,io.floatme.floatmeapp,Copper: Play & Earn Cash Money,com.getcopper.copper
keys,unigram,Custody & Storage,18,FALSE,Not in top 30,13,KEYS,com.adeo.keys,Keys Cafe - Make your keyboard,com.epicapps.keyboard.theme.leds.keyscafe,Keys AI,com.itsdecker.keysai,Accor Key - Hotel Keys,com.accor.lockup,Car Keys Express,com.carkeysexpress.consumer
private,unigram,Custody & Storage,18,FALSE,Not in top 30,15,"Brave Private Web Browser, VPN",com.brave.browser,Incognito Browser - Go Private,com.androidbull.incognito.browser,Private Internet Browser,com.lechneralexander.privatebrowser,Norton Private Browser,com.norton.vpnbrowser,Signal Private Messenger,org.thoughtcrime.securesms
user,unigram,Usability & Experience,18,FALSE,Not in top 30,30,User Sense,io.usersense.app,User Center,com.tcl.usercenter,User Cards,com.vega.user_cards,UserTesting,com.usertesting.recorder.krsna,"UC Browser-Safe, Fast, Private",com.UCMobile.intl
bitcoin ethereum,bigram,Asset Coverage,17,FALSE,Not in top 30,9,Coinbase: Buy Crypto & Stocks,com.coinbase.android,"Crypto.com: Buy BTC, ETH & CRO",co.mona.android,Bitcoin Wallet Crypto Ethereum,io.atomicwallet,Kraken: Buy Stocks & Crypto,com.kraken.invest.app,"Bitcoin.com Wallet: Buy, Sell",com.bitcoin.mwallet
create,unigram,Multi-Platform & Access,17,FALSE,Not in top 30,30,YouTube Create,com.google.android.apps.youtube.producer,Crayola Create and Play,com.crayolallc.crayola_create_and_play,Create,com.ikohs.home,Let's Create! Pottery,pl.idreams.pottery,Builda - Create and Play,com.hortor.juliancysj
dapps,unigram,DeFi & Web3,17,FALSE,Not in top 30,30,Trust: Crypto & Bitcoin Wallet,com.wallet.crypto.trustapp,"Degen Wallet: DeFi, Web3 & NFT",degen.wallet,dapps.co,co.dapps.app,MetaMask: Trade Crypto,io.metamask,Pixel dApp Wallet,com.pixel.wallet
trust,unigram,Security & Trust,17,FALSE,Not in top 30,19,Trust: Crypto & Bitcoin Wallet,,Truist Mobile,com.truist.mobile,Trust & Will: Estate Planning,com.trustandwill.mobile,Trust Bank SG,sg.trust,Security Bank & Trust Co. (MN),com.apiture.xpressmobile.sbtcgmn.sub
wallets,unigram,Custody & Storage,17,FALSE,Not in top 30,29,Google Wallet,com.google.android.apps.walletnfcrel,C8 Wallet,tech.cantor8.wallet.canton,Samsung Wallet (Samsung Pay),com.samsung.android.spay,"PayPal - Pay, Send, Save",com.paypal.android.p2pmobile,Paytm: Secure UPI Payments,net.one97.paytm
buy bitcoin,bigram,Trading Actions,16,FALSE,10,16,"Bitcoin.com Wallet: Buy, Sell",com.bitcoin.mwallet,Coinbase: Buy Crypto & Stocks,com.coinbase.android,Bybit: Buy Bitcoin & Crypto,com.bybit.app,"Crypto.com: Buy BTC, ETH & CRO",co.mona.android,MoonPay: Buy Crypto & Bitcoin,com.moonpay
asset,unigram,Asset Coverage,16,FALSE,Not in top 30,30,Asset Infinity v2,com.assetinfinity.app,Asset Health Mobile,com.assethealth.assethealthmobile,Asset Tiger,com.myassettag.assettiger,The Asset,com.theasset,Eptura Asset,com.eptura.tech
investment,unigram,Account & Finance,16,FALSE,Not in top 30,20,Investing.com: Stock Market,com.fusionmedia.investing,Robinhood: Trading & Investing,com.robinhood.android,Acorns: Invest For Your Future,com.acorns.android,Fidelity Investments,com.fidelity.android,Webull: Investing & Trading,org.dayup.stocks
millions,unigram,Identity & Brand Trust,16,FALSE,Not in top 30,30,MILLIONS: Sports & Commerce,com.millions.store.prod,Millions,com.topquizgames.wwm,Google Maps,com.google.android.apps.maps,60 millions de consommateurs,com.keygraphic.x60millions,Million Lords: World Conquest,com.millionvictories.games.millionlords
powerful,unigram,Usability & Experience,16,FALSE,Not in top 30,30,Powerful Flashlight,com.powerful.flashlight.launcher.max,The Powerful Man,com.mightybell.thepowerfulman,Powerful Life,com.dhs.bizright,Powerful Signal,com.trading.Powerful,Telegram,org.telegram.messenger
risk,unigram,Security & Trust,16,FALSE,Not in top 30,8,RISK: Global Domination,,Risk of war - Wartime Glory,com.sandstormi.bloodhonor,Landrule Strategy vs Risk,com.pixamark.landrule,Risk Memo,com.riskmemo.riskmemo,Risk Connect,com.riskconnectapp.risk_connect_mobile
seamless,unigram,Usability & Experience,16,FALSE,Not in top 30,19,Seamless: Local Food Delivery,,Grubhub: Food Delivery,com.grubhub.android,"DoorDash: Food, Grocery, More",com.dd.doordash,Uber Eats: Food and Grocery,com.ubercab.eats,Postmates - Food Delivery,com.postmates.android
unlock,unigram,Multi-Platform & Access,16,FALSE,Not in top 30,30,Unlock!,com.spacecowboys.unlocks01,T-Mobile Device Unlock (Pixel),com.tmobile.grsuapp,Unlock-r,me.tito.unlocker,Sleep as Android Unlock,com.urbandroid.sleep.full.key,ATT Network Unlock Samsung App,com.unlock.samsung.freesim.secure
deposit,unigram,Payments & Banking,15,FALSE,Not in top 30,30,GO2bank: Mobile banking,com.greendotcorp.go2bank,Dayspring Mobile Deposit,com.cachet.android.mobiledeposit.gothenburg,PNC Deposit On-Site Mobile,com.pnc.DepositOnsite,Cash Deposit,com.harshilprajapati.cashdeposit,Chase Mobile,com.chase.sig.android
products,unigram,Account & Finance,15,FALSE,Not in top 30,30,Poshmark - Sell & Shop Online,com.poshmark.app,Myntra - Fashion Shopping App,com.myntra.android,Amazon Shopping,com.amazon.mShop.android.shopping,Alibaba.com - B2B marketplace,com.alibaba.intl.android.apps.poseidon,AliExpress - Shopping App,com.alibaba.aliexpresshd
staking,unigram,Earning & Yield,15,FALSE,Not in top 30,10,Moonstake Wallet: Coin Staking,io.moonstake.wallet,KPK Park - Crypto Staking App,com.application.kpkpark,Staking Watcher,com.kuka.app.stakingwatcher,My Staking Wallet,app.metrixcoin.mystakingwallet,Partner Staking,dev.peppark.partnerstaking.android
bitcoin wallet,bigram,Custody & Storage,14,FALSE,8,21,"Bitcoin.com Wallet: Buy, Sell",com.bitcoin.mwallet,Trust: Crypto & Bitcoin Wallet,com.wallet.crypto.trustapp,Exodus: Crypto Bitcoin Wallet,exodusmovement.exodus,Speed Wallet - Buy Bitcoin,com.app.speedwallet,Bitcoin Wallet Crypto Ethereum,io.atomicwallet
customer,unigram,Usability & Experience,14,FALSE,Not in top 30,29,Customuse: Skins Maker Roblox,com.customuse.customuse,Customer App,com.customerapp.com,Customer Service,com.tiger.tcs,Client Record- AI Customer CRM,com.siyami.apps.cr,Customer App,com.ordering.onlineorderingappv5
discover,unigram,Multi-Platform & Access,14,FALSE,Not in top 30,18,Discover Mobile,,Discover Seoul Pass,com.travolution.discover,discovery+ | Stream TV Shows,com.discovery.discoveryplus.mobile,Destiny Discover,com.follett.fss.searchread,Capital One Mobile,com.konylabs.capitalone
self-custody,unigram,Custody & Storage,14,FALSE,Not in top 30,13,Doru Self Custody Wallet,com.rawgenerate,PalWallet: Self-Custody Wallet,com.palwalletapp,NotWallet Crypto Self-Custody,xyz.notwallet.NotWallet,Cosine: Self Custody Wallet,com.cosine.wallet,SmashFi: Bitcoin Self-Custody,me.smashfi.appclient
stake,unigram,Earning & Yield,14,FALSE,Not in top 30,30,Stake: Real Estate Investing,com.stake.investments.money.investor,Stake – Stocks | ETFs | SMSF,com.stake.stake,Stake: Rent with a Return.,com.stake.stakeandroidapp,Real Stake: Habit & Discipline,com.hierarchlabs.realstake,KICK: Live Streaming,com.kick.mobile
start,unigram,Multi-Platform & Access,14,FALSE,Not in top 30,16,Start,com.celltick.lockscreen,Startpage,com.startpage.app,"Start TODAY Meal Plan, Fitness",com.today.StartToday,Start Today App,com.hlouissaint.app,Start Meeting,com.startmeeting
all-in-one,unigram,Usability & Experience,13,FALSE,Not in top 30,30,Google One,com.google.android.apps.subscriptions.red,Microsoft OneDrive,com.microsoft.skydrive,Truecaller: Spam Call Blocker,com.truecaller,All-In-One Calculator,all.in.one.calculator,All in Hole: Black Hole Games,com.homagames.studio.allinhole
hold,unigram,Custody & Storage,13,FALSE,Not in top 30,30,HOLD,com.trainerize.hold,Hand to Hold,uk.co.disciplemedia.handtohold,Hold,com.kocoukot.holdgame,PPPoker Go! Live Video Hold'em,com.ppgo.dis,Hold to Resurrect,com.totallytimelessgames.holdtoresurrect
including bitcoin,bigram,Trading Actions,13,FALSE,Not in top 30,30,"Bitcoin.com Wallet: Buy, Sell",com.bitcoin.mwallet,Bitcoin Mining (Crypto Miner),crypto.bitcoin.ethereum.litecoin.cloud.mining.eth.btc.ltc.hash.pool.cloud_mining,Coinbase: Buy Crypto & Stocks,com.coinbase.android,Bitcoin Miner Idle Tycoon Game,com.fumbgames.bitcoinminor,Kraken: Buy Stocks & Crypto,com.kraken.invest.app
insights,unigram,Portfolio & Tracking,13,FALSE,Not in top 30,30,Online Insights Study,com.google.android.apps.onlineinsightspanel,Insights,com.accaglobal.professionalinsights,Insights App Global Investment,insights.investments.app,Insights,com.thesmartq.compass.insights,Holman Insights,com.arifleet.aridriver
platform,unigram,Identity & Brand Trust,13,FALSE,Not in top 30,30,The Platform App,co.hodor.uzpoe,Platform Online Test,co.griffin.brqge,Pure Platform,com.pureplatformappflutter,Platform.,com.eventify.aa,PLATFORM,com.status.im
rates,unigram,Earning & Yield,13,FALSE,Not in top 30,29,Rates: currency rates,com.ideil.rates,"Rate: Home, Finance & Wellness",com.guaranteedrate.superapp,Best Rates,com.hf.best_rates_mobile,Currency Rates,com.KatushonokMaria.currencyrates,FX Rates: Currency Convert,com.currencyconverter.currencyexchange.exchangerate.livecurrencyrates.convertcurrency
bitcoin crypto,bigram,Asset Coverage,12,FALSE,Not in top 30,9,"Bitcoin.com Wallet: Buy, Sell",com.bitcoin.mwallet,Bybit: Buy Bitcoin & Crypto,com.bybit.app,Coinbase: Buy Crypto & Stocks,com.coinbase.android,Trust: Crypto & Bitcoin Wallet,com.wallet.crypto.trustapp,"Crypto.com: Buy BTC, ETH & CRO",co.mona.android
invest,unigram,Account & Finance,12,FALSE,Not in top 30,30,Investing.com: Stock Market,com.fusionmedia.investing,Robinhood: Trading & Investing,com.robinhood.android,Acorns: Invest For Your Future,com.acorns.android,eToro: Trade. Invest. Connect.,com.etoro.openbook,E*TRADE: Invest. Trade. Save.,com.etrade.mobilepro.activity
markets,unigram,Portfolio & Tracking,12,FALSE,Not in top 30,12,Yahoo Finance: Stocks & News,com.yahoo.mobile.client.android.finance,Investing.com: Stock Market,com.fusionmedia.investing,TradingView: Track All Markets,com.tradingview.tradingviewapp,StockEdge: Stock Market App,in.stockedge.app,Robinhood: Trading & Investing,com.robinhood.android
wallet buy,bigram,Trading Actions,11,FALSE,Not in top 30,29,"Bitcoin.com Wallet: Buy, Sell",com.bitcoin.mwallet,NOW Wallet: Buy & Store Crypto,com.nowwallet,Speed Wallet - Buy Bitcoin,com.app.speedwallet,Guarda: Crypto Bitcoin Wallet,com.crypto.multiwallet,"Wallet Verse: DeFi, Buy Crypto",com.walletverse
finance,unigram,Account & Finance,10,FALSE,Not in top 30,29,Yahoo Finance: Stocks & News,com.yahoo.mobile.client.android.finance,Google Wallet,com.google.android.apps.walletnfcrel,TradingView: Track All Markets,com.tradingview.tradingviewapp,Investing.com: Stock Market,com.fusionmedia.investing,4grosze - Envelope Budgeting,pl.mektosoftware.app4gr
networks,unigram,DeFi & Web3,10,FALSE,Not in top 30,30,Fing - Network Tools,com.overlook.android.fing,Network Surveyor,com.metricell.surveyor.network.internet.speedtest,"Opensignal - 5G, 4G Speed Test",com.staircase3.opensignal,Network Cell Info Lite & Wifi,com.wilysis.cellinfolite,Computer Network Tutorials,cn.computernetworks.networks.networking.learn.toplogy.lan.wan
secure crypto,bigram,Security & Trust,10,FALSE,Not in top 30,26,Cwallet - Secure Crypto Wallet,com.blockabc.cctip,Guarda: Crypto Bitcoin Wallet,com.crypto.multiwallet,Crypto.com: Onchain Wallet,com.defi.wallet,SafePal: Crypto Wallet BTC NFT,io.safepal.wallet,Crypto.com Exchange,com.crypto.exchange
digital asset,bigram,Asset Coverage,9,FALSE,Not in top 30,30,Digital Assets,com.wwda.digitalAssets,DAA - Digital Asset Athena,io.vdax.daa,Digital Assets Forum,com.brella.daf,Asset Essentials,com.dudesolutions.assetessentials,Asset Infinity v2,com.assetinfinity.app
directly wallet,bigram,Custody & Storage,9,FALSE,Not in top 30,30,Ledger Wallet™ crypto app,com.ledger.live,D’CENT Wallet - Secure Crypto,com.kr.iotrust.dcent.wallet,Wallet - Digital Card Wallet,com.walletcards.wallet.digitalwallet.passbook,Fearless Wallet: DeFi Wallet,jp.co.soramitsu.fearless,"Bridge Wallet: Bitcoin, crypto",com.mtpelerin.bridge
trusted millions,bigram,Security & Trust,9,FALSE,Not in top 30,29,Millions,com.topquizgames.wwm,My Most Trusted,net.maj3.mymosttrusted,HelloMillions: Slots Games,com.hellomillions,Million Deal: Win Million,com.niceteen.games.milliondeal,Million Lords: World Conquest,com.millionvictories.games.millionlords
wallet bitcoin,bigram,Custody & Storage,8,FALSE,6,30,"Bitcoin.com Wallet: Buy, Sell",com.bitcoin.mwallet,Trust: Crypto & Bitcoin Wallet,com.wallet.crypto.trustapp,Speed Wallet - Buy Bitcoin,com.app.speedwallet,Exodus: Crypto Bitcoin Wallet,exodusmovement.exodus,MetaMask: Trade Crypto,io.metamask
app buy,bigram,Trading Actions,8,FALSE,Not in top 30,30,eBay online shopping & selling,com.ebay.mobile,Flipkart Online Shopping App,com.flipkart.android,Temu: Shop Like a Billionaire,com.einnovation.temu,Mercari: Buy and Sell App,com.mercariapp.mercari,"Etsy: Shop Home, Style & More",com.etsy.android
explore defi,bigram,DeFi & Web3,8,FALSE,Not in top 30,30,Defi App: Buy & Sell Crypto,com.defi.mobile,MEW crypto wallet: DeFi Web3,com.myetherwallet.mewwallet,DeBank Crypto & DeFi Portfolio,com.debank.meme,DeFi Wallet – KEYRING PRO,co.bacoor.keyring,DEFI,com.donteverforgetit
explore web3,bigram,DeFi & Web3,8,FALSE,Not in top 30,11,MEW crypto wallet: DeFi Web3,com.myetherwallet.mewwallet,Omni Web3 Wallet,fi.steakwallet.app,Coincademy: Explore web3,com.cryptoverse,W3 Wallet: Defi & Web3 Wallet,app.w3wallet.w3wallet,OKX Wallet: Portal to Web3,com.okx.wallet
yield,unigram,Earning & Yield,8,FALSE,Not in top 30,30,"Bitcoin.com Wallet: Buy, Sell",com.bitcoin.mwallet,Yield,au.com.sproutlabs.GLASSHOUSE,The Yield,com.theyield.sensingplusv2,Yield Max,kitovu.com.technology,Axal: High Yield Savings,com.axal.android
buy btc,bigram,Trading Actions,7,FALSE,13,30,"Bitcoin.com Wallet: Buy, Sell",com.bitcoin.mwallet,Bybit: Buy Bitcoin & Crypto,com.bybit.app,"Crypto.com: Buy BTC, ETH & CRO",co.mona.android,Coinbase: Buy Crypto & Stocks,com.coinbase.android,MEXC: Buy Bitcoin BTC & Crypto,com.mexcpro.client
multi-chain,unigram,DeFi & Web3,7,FALSE,28,30,MiningJLK Multi-chain,com.jlkdoge.cloudmining,TokenUp: Multi-chain Wallet,org.tokenup.app,ChainPulse: Multi-Chain Gas,com.necta.chainpulse,Cogni Multi-Chain Wallet,com.getcogni.app,Crypto.com: Onchain Wallet,com.defi.wallet
eth sol,bigram,Trading Actions,7,FALSE,Not in top 30,14,"TopNod: Buy Eth, Sol & RWAs",com.ant.dt.topnod,"Crypto Pulse:BTC,ETH,SOL,MEME",com.skysp.exchangeproject_bjw,"Arkham: Buy BTC, ETH, SOL",com.arkm.mobile,ETH Cloud Mining Earn Ethereum,com.ethereumwithdata.miningforcoin.rewardpoint,Coinmetro: Buy BTC ETH SOL XRP,app.coinmetro
other crypto,bigram,Trading Actions,7,FALSE,Not in top 30,24,"Crypto.com: Buy BTC, ETH & CRO",co.mona.android,Crypto.com Exchange,com.crypto.exchange,Crypto.com: Onchain Wallet,com.defi.wallet,CryptoRank: Crypto Tracker App,com.cryptorank,CoinGecko: Crypto Tracker,com.coingecko.coingeckoapp
trade crypto,bigram,Trading Actions,7,FALSE,Not in top 30,28,"Bitcoin.com Wallet: Buy, Sell",com.bitcoin.mwallet,Bybit: Buy Bitcoin & Crypto,com.bybit.app,MetaMask: Trade Crypto,io.metamask,BTCC - Trade Bitcoin & Crypto,com.btcc.hy,Coinbase: Buy Crypto & Stocks,com.coinbase.android
wallet gives,bigram,Custody & Storage,7,FALSE,Not in top 30,13,Google Wallet,com.google.android.apps.walletnfcrel,UKG Wallet,ukgwallet.payactiv.com,Dayforce Wallet: On-demand Pay,com.dayforce.wallet,Speed Wallet - Buy Bitcoin,com.app.speedwallet,Rumble Wallet: Tip With Crypto,com.rumble.rumblewallet
crypto app,bigram,Identity & Brand Trust,6,FALSE,8,30,"Crypto.com: Buy BTC, ETH & CRO",co.mona.android,"Bitcoin.com Wallet: Buy, Sell",com.bitcoin.mwallet,Coinbase: Buy Crypto & Stocks,com.coinbase.android,Trust: Crypto & Bitcoin Wallet,com.wallet.crypto.trustapp,Bybit: Buy Bitcoin & Crypto,com.bybit.app
all-in-one crypto,bigram,Trading Actions,6,FALSE,Not in top 30,9,Crypto.com: Onchain Wallet,com.defi.wallet,The Crypto App: News & Alerts,com.crypter.cryptocyrrency,Crypto.com Exchange,com.crypto.exchange,"Crypto.com: Buy BTC, ETH & CRO",co.mona.android,CoinGecko: Crypto Tracker,com.coingecko.coingeckoapp
defi wallet,bigram,DeFi & Web3,6,FALSE,Not in top 30,12,"Bitcoin.com Wallet: Buy, Sell",com.bitcoin.mwallet,Crypto.com: Onchain Wallet,com.defi.wallet,MEW crypto wallet: DeFi Web3,com.myetherwallet.mewwallet,DeFiChain Wallet,com.defichaincommunity.app,Defi App: Buy & Sell Crypto,com.defi.mobile
passive,unigram,Earning & Yield,6,FALSE,Not in top 30,30,Active And Passive,com.appdevi.activeandpassive,Active Voice To Passive Voice,com.softnet.active_to_passive_voice,Passive Voice,com.thebasicandadvancedgmail.passivevoice,Active And Passive,com.appdevi.allpassivevoice,"English Tenses Active, Passive",learn.english.tenses.grammer
wallet app,bigram,Custody & Storage,6,FALSE,Not in top 30,18,Google Wallet,,Samsung Wallet (Samsung Pay),com.samsung.android.spay,Wallet - Digital Wallet Card,com.cards.wallet.cardsapp,Wallet: Budget Expense Tracker,com.droid4you.application.wallet,Folio: Digital Wallet App,com.folioltd
wallet btc,bigram,Trading Actions,5,FALSE,10,30,"Bitcoin.com Wallet: Buy, Sell",com.bitcoin.mwallet,SafePal: Crypto Wallet BTC NFT,io.safepal.wallet,Exodus: Crypto Bitcoin Wallet,exodusmovement.exodus,Trust: Crypto & Bitcoin Wallet,com.wallet.crypto.trustapp,Speed Wallet - Buy Bitcoin,com.app.speedwallet
crypto transactions,bigram,Trading Actions,5,FALSE,13,24,Ledger Wallet™ crypto app,com.ledger.live,"Crypto.com: Buy BTC, ETH & CRO",co.mona.android,Crypto.com: Onchain Wallet,com.defi.wallet,Coin Wallet - Bitcoin & Crypto,com.coinspace.app,Guarda: Crypto Bitcoin Wallet,com.crypto.multiwallet
access defi,bigram,DeFi & Web3,5,FALSE,Not in top 30,12,Defi App: Buy & Sell Crypto,com.defi.mobile,DeFi Wallet – KEYRING PRO,co.bacoor.keyring,xPortal: Crypto & DeFi Wallet,com.elrond.maiar.wallet,MEW crypto wallet: DeFi Web3,com.myetherwallet.mewwallet,"Bitcoin.com Wallet: Buy, Sell",com.bitcoin.mwallet
crypto securely,bigram,Trading Actions,5,FALSE,Not in top 30,22,Core Wallet | Crypto Made Easy,com.avaxwallet,SafePal: Crypto Wallet BTC NFT,io.safepal.wallet,Crypto Exchange: Buy BTC・USDT,com.changelly.app,Crypto signals bitcoin Signal,com.tradoku.fortune_traders,Coinbase: Buy Crypto & Stocks,com.coinbase.android
self-custody wallet,bigram,Custody & Storage,5,FALSE,Not in top 30,24,Exodus: Crypto Bitcoin Wallet,exodusmovement.exodus,Cosine: Self Custody Wallet,com.cosine.wallet,Doru Self Custody Wallet,com.rawgenerate,Vault12: Inherit Crypto Wallet,com.vault12.vault12,PalWallet: Self-Custody Wallet,com.palwalletapp
store crypto,bigram,Trading Actions,5,FALSE,Not in top 30,12,Crypto.com: Onchain Wallet,com.defi.wallet,"Crypto.com: Buy BTC, ETH & CRO",co.mona.android,Exodus: Crypto Bitcoin Wallet,exodusmovement.exodus,"Bitcoin.com Wallet: Buy, Sell",com.bitcoin.mwallet,Ledger Wallet™ crypto app,com.ledger.live
wallet trusted,bigram,Custody & Storage,5,FALSE,Not in top 30,14,Trust: Crypto & Bitcoin Wallet,com.wallet.crypto.trustapp,IronWallet: Crypto Wallet,com.wallet.crypto.btc.eth,MEW crypto wallet: DeFi Web3,com.myetherwallet.mewwallet,Fearless Wallet: DeFi Wallet,jp.co.soramitsu.fearless,HOT — Bitcoin & Crypto Wallet,app.herewallet.hot
blockchain networks,bigram,DeFi & Web3,4,FALSE,1,30,Blockchain,com.apmw.blockchain,Base: formerly Coinbase Wallet,org.toshi,Blockchain Mint,com.coldstoragecoins,Learn Blockchain Programming,com.alphazstudio.learnblockchain,SWFT Blockchain,com.swft.client.android
bitcoin other,bigram,Trading Actions,4,FALSE,6,12,"Bitcoin.com Wallet: Buy, Sell",com.bitcoin.mwallet,Coinbase: Buy Crypto & Stocks,com.coinbase.android,"Crypto.com: Buy BTC, ETH & CRO",co.mona.android,Bitcoin Mining (Crypto Miner),crypto.bitcoin.ethereum.litecoin.cloud.mining.eth.btc.ltc.hash.pool.cloud_mining,Crypto.com Exchange,com.crypto.exchange
apy,unigram,Earning & Yield,4,FALSE,Not in top 30,29,APY - Billetterie & Bons plans,fr.canordest.mycanordest,NPS by Protean eGov,nps.nps,APY Calculator,com.sanca.apy,ADP Mobile Solutions,com.adpmobile.android,"PayPal - Pay, Send, Save",com.paypal.android.p2pmobile
complete control,bigram,Multi-Platform & Access,4,FALSE,Not in top 30,19,complete Control,,TeamViewer Remote Control,com.teamviewer.teamviewer.market.mobile,Mob Control,com.vincentb.MobControl,Universal TV Remote Control,com.exd.alltv.remote.control.screen.mirroring.tv.casting.media,Amazon Fire TV,com.amazon.storm.lightning.client.aosp
connect dapps,bigram,DeFi & Web3,4,FALSE,Not in top 30,30,Tonhub: Crypto Wallet & Card,com.tonhub.wallet,Radix Wallet,com.radixpublishing.radixwallet.android,DT Connect,com.detectortesters.soloprox2,A&D Connect,jp.co.aandd.andconnect,Google News - Daily Headlines,com.google.android.apps.magazines
crypto easily,bigram,Trading Actions,4,FALSE,Not in top 30,26,"Crypto.com: Buy BTC, ETH & CRO",co.mona.android,Speed Wallet - Buy Bitcoin,com.app.speedwallet,Avici: Spend crypto easily,xyz.avici.apps,Crypto.com Exchange,com.crypto.exchange,Coinbase: Buy Crypto & Stocks,com.coinbase.android
crypto work,bigram,Trading Actions,4,FALSE,Not in top 30,12,"Crypto.com: Buy BTC, ETH & CRO",co.mona.android,MetaMask: Trade Crypto,io.metamask,OKX: Buy Bitcoin BTC & Crypto,com.okinc.okex.gp,Trust: Crypto & Bitcoin Wallet,com.wallet.crypto.trustapp,Crypto.com: Onchain Wallet,com.defi.wallet
holding,unigram,Custody & Storage,4,FALSE,Not in top 30,29,Holding,com.converta.holding,the App of Holding,ca.boardgamebuddy.dpages,HOLDING PLUS,com.holdingplusapp.app,Best Holding,com.bestholding,Smart Holding Home,com.holdinghome.smartholdinghome
investment advice,bigram,Account & Finance,4,FALSE,Not in top 30,12,Acorns: Invest For Your Future,com.acorns.android,Stash: Investing made easy,com.stash.stashinvest,Betterment Invest & Save Money,com.betterment,Learn: Stock Market Investing,rubicoin.rubicoinlearn,Yahoo Finance: Stocks & News,com.yahoo.mobile.client.android.finance
keys crypto,bigram,Trading Actions,4,FALSE,Not in top 30,30,Key Hunter - Bitcoin Checker,io.github.keyhunter,OneKey: Crypto DeFi Wallet,so.onekey.app.wallet,"Crypto.com: Buy BTC, ETH & CRO",co.mona.android,Cryptohopper - Crypto Trading,com.cryptohopper_mobile,Bitkey - Bitcoin Wallet,world.bitkey.app
multi-chain wallet,bigram,Custody & Storage,4,FALSE,Not in top 30,9,Crypto.com: Onchain Wallet,com.defi.wallet,Cogni Multi-Chain Wallet,com.getcogni.app,TokenUp: Multi-chain Wallet,org.tokenup.app,PillarX Multichain DeFi Wallet,com.pillarproject.wallet,"Caesium: BNB Chain Wallet, NFT",com.csm_app
nfts explore,bigram,DeFi & Web3,4,FALSE,Not in top 30,11,Interface – Explore Ethereum,io.interfacelab,Solflare - Solana Wallet,com.solflare.mobile,OpenSea: NFT marketplace,io.opensea,NFT Explorer,io.crapps.nftexplorer,Crypto & NFTs - Nobl Wallet,finance.nobl.android
put crypto,bigram,Trading Actions,4,FALSE,Not in top 30,13,"Crypto.com: Buy BTC, ETH & CRO",co.mona.android,Crypto.com Exchange,com.crypto.exchange,"Bitcoin.com Wallet: Buy, Sell",com.bitcoin.mwallet,Bitget - Buy & Sell Crypto,com.bitget.exchange,"BingX Trade BTC, Buy Crypto",pro.bingbon.app
send crypto,bigram,Payments & Banking,4,FALSE,Not in top 30,30,Trust: Crypto & Bitcoin Wallet,com.wallet.crypto.trustapp,Crypto.com: Onchain Wallet,com.defi.wallet,Coinbase: Buy Crypto & Stocks,com.coinbase.android,"Crypto.com: Buy BTC, ETH & CRO",co.mona.android,SafePal: Crypto Wallet BTC NFT,io.safepal.wallet
trading platform,bigram,Trading Actions,4,FALSE,Not in top 30,15,TradingView: Track All Markets,com.tradingview.tradingviewapp,Robinhood: Trading & Investing,com.robinhood.android,"MetaTrader 5 — Forex, Stocks",net.metaquotes.metatrader5,MetaTrader 4 Forex Trading,net.metaquotes.metatrader4,E*TRADE: Invest. Trade. Save.,com.etrade.mobilepro.activity
blockchain cryptocurrency,bigram,Asset Coverage,3,FALSE,1,10,"Bitcoin.com Wallet: Buy, Sell",com.bitcoin.mwallet,Base: formerly Coinbase Wallet,org.toshi,MetaMask: Trade Crypto,io.metamask,Coinbase: Buy Crypto & Stocks,com.coinbase.android,Ledger Wallet™ crypto app,com.ledger.live
defi protocols,bigram,DeFi & Web3,3,FALSE,3,12,DeBank Crypto & DeFi Portfolio,com.debank.meme,Defi App: Buy & Sell Crypto,com.defi.mobile,DeFi Yields — Web3 Comparator,app.defiyields,DeFi Wallet – KEYRING PRO,co.bacoor.keyring,DEFI,com.donteverforgetit
btc wallet,bigram,Trading Actions,3,FALSE,9,18,"Bitcoin.com Wallet: Buy, Sell",com.bitcoin.mwallet,Trust: Crypto & Bitcoin Wallet,com.wallet.crypto.trustapp,Exodus: Crypto Bitcoin Wallet,exodusmovement.exodus,Speed Wallet - Buy Bitcoin,com.app.speedwallet,SafePal: Crypto Wallet BTC NFT,io.safepal.wallet
decentralized finance,bigram,DeFi & Web3,3,FALSE,18,22,Defi App: Buy & Sell Crypto,com.defi.mobile,DeBank Crypto & DeFi Portfolio,com.debank.meme,Crypto.com: Onchain Wallet,com.defi.wallet,DeFi Wallet – KEYRING PRO,co.bacoor.keyring,"Wallet Verse: DeFi, Buy Crypto",com.walletverse
sell hold,bigram,Trading Actions,3,FALSE,20,30,Buy Sell Hold,com.troutwood.buysellhold,iChota: Buy & Sell Marketplace,com.ichota,Golisto: Buy＆Sell Collectibles,com.golisto.pluuto.android,BUYSELL: Buy & Sell Clothing,com.clothings.buysell,Cell It: Buy Sell Marketplace,com.cellit.cellit
access decentralized,bigram,DeFi & Web3,3,FALSE,Not in top 30,11,Central Access,com.centralaccess.smarthome,D’CENT Wallet - Secure Crypto,com.kr.iotrust.dcent.wallet,BitradeX-AI Crypto Trading,io.noah.pro,MetaMask: Trade Crypto,io.metamask,Trust: Crypto & Bitcoin Wallet,com.wallet.crypto.trustapp
assets across,bigram,Asset Coverage,3,FALSE,Not in top 30,30,Assets by Oomnitza,com.oomnitza.nat.assets,Asset Infinity v2,com.assetinfinity.app,Noble Assets,com.nobleassets.app,Asset Arc,com.spectent.asset,AsseTrak -For Asset Management,com.assetrak.app
control digital,bigram,Asset Coverage,3,FALSE,Not in top 30,30,J-Tech Digital Control,com.jtechdigital.jcontrol,Universal TV Remote Control,com.exd.alltv.remote.control.screen.mirroring.tv.casting.media,TV Remote control for All TV,com.boost.roku.remote,TV Remote Control For Samsung,com.osfunapps.remoteforsamsung,Universal TV Remote for All TV,com.boost.universal.remote
crypto cash,bigram,Trading Actions,3,FALSE,Not in top 30,14,"Crypto.com: Buy BTC, ETH & CRO",co.mona.android,Crypto Cash,com.innovationfactory.cryptocash,Crypto.com: Onchain Wallet,com.defi.wallet,Coinbase: Buy Crypto & Stocks,com.coinbase.android,Ledger Wallet™ crypto app,com.ledger.live
earn staking,bigram,Earning & Yield,3,FALSE,Not in top 30,30,Moonstake Wallet: Coin Staking,io.moonstake.wallet,Planbit - BTC and ETH Staking,com.planbit.planbit,SocialGood: Get Rising Crypto,inc.socialgood.app.android,EarnStation: Earn Crypto,com.gametimestudo.earnstation,COIN: Always Be Earning,network.xyo.coin
manage portfolio,bigram,Portfolio & Tracking,3,FALSE,Not in top 30,14,My Stocks Portfolio,co.peeksoft.stocks,Crypto Portfolio Tracker,org.statmetrics.app.cryptocurrency,Profitable - Portfolio Tracker,com.best.porfoliotracker.best_portfolio_tracker,NiftyGraphy Portfolio Manager,com.niftygraphy.portfolio.app,My Portfolio (Tracker) - India,in.whoopee.myportfolio
networks including,bigram,DeFi & Web3,3,FALSE,Not in top 30,8,Pingmon - network ping monitor,com.mishuto.pingtest,Food Network GO - Live TV,com.foodnetwork.watcher,My Network Assistant,com.network.assistant,Network Surveyor,com.metricell.surveyor.network.internet.speedtest,PingTools Network Utilities,ua.com.streamsoft.pingtools
rewards secure,bigram,Custody & Storage,3,FALSE,Not in top 30,30,MaxRewards: Rewards & Cashback,com.maxrewards,Universal Rewards Visa,com.firstnational.universal,MGM Rewards™ MasterCard,com.firstnational.mgm,JazzCash - Your Mobile Account,com.techlogix.mobilinkcustomer,e-Rewards - Paid Surveys,com.dynata.mobile.erewards
rewards staking,bigram,Earning & Yield,3,FALSE,Not in top 30,22,Moonstake Wallet: Coin Staking,io.moonstake.wallet,Spell Wallet,com.spellwallet.android,CRO Staking Rewards Calculator,eu.buzzantique.crostakingrewardscalculator,CoinOut: Receipts for Rewards,com.coinout.scan,Upromise: Cash Back Rewards,com.upromise.app
seamless access,bigram,Usability & Experience,3,FALSE,Not in top 30,30,Smart Access !,com.smart.smartaccess,Access® Online,com.elan.cps.axol.bluelabel,Seamless: Local Food Delivery,com.seamlessweb.android.view,Access Perks®,com.access.typerks,AccessNow,com.accessnow.app
staking rewards,bigram,Earning & Yield,3,FALSE,Not in top 30,28,Moonstake Wallet: Coin Staking,io.moonstake.wallet,CRO Staking Rewards Calculator,eu.buzzantique.crostakingrewardscalculator,Orangefin: SOL Staking Wallet,ventures.orangefin.staking,Spell Wallet,com.spellwallet.android,My Staking Wallet,app.metrixcoin.mystakingwallet
wallet connect,bigram,Custody & Storage,3,FALSE,Not in top 30,11,MetaMask: Trade Crypto,io.metamask,Crypto.com: Onchain Wallet,com.defi.wallet,Trust: Crypto & Bitcoin Wallet,com.wallet.crypto.trustapp,Kraken Wallet: Crypto & NFT,com.kraken.superwallet,Ledger Wallet™ crypto app,com.ledger.live
wallet support,bigram,Custody & Storage,3,FALSE,Not in top 30,23,Google Wallet,com.google.android.apps.walletnfcrel,SafePal: Crypto Wallet BTC NFT,io.safepal.wallet,SpotPay: Mobile Wallet,ai.spotpay.app,Wallet - Digital Wallet Card,com.cards.wallet.cardsapp,Samsung Wallet (Samsung Pay),com.samsung.android.spay
wallet supports,bigram,Custody & Storage,3,FALSE,Not in top 30,12,SafePal: Crypto Wallet BTC NFT,io.safepal.wallet,Trust: Crypto & Bitcoin Wallet,com.wallet.crypto.trustapp,Guarda: Crypto Bitcoin Wallet,com.crypto.multiwallet,IronWallet: Crypto Wallet,com.wallet.crypto.btc.eth,Kraken Wallet: Crypto & NFT,com.kraken.superwallet
blockchain wallet,bigram,Custody & Storage,2,FALSE,1,14,"Bitcoin.com Wallet: Buy, Sell",com.bitcoin.mwallet,Ledger Wallet™ crypto app,com.ledger.live,"Bitget Wallet: Crypto, Bitcoin",com.bitkeep.wallet,Coinomi: Crypto Bitcoin Wallet,com.coinomi.wallet,Guarda: Crypto Bitcoin Wallet,com.crypto.multiwallet
major blockchain,bigram,DeFi & Web3,2,FALSE,1,22,Crypto.com: Onchain Wallet,com.defi.wallet,CoinEx Wallet - Crypto & DeFi,com.viabtc.wallet,Blockchain Mint,com.coldstoragecoins,Ledger Wallet™ crypto app,com.ledger.live,Blockchain,com.apmw.blockchain
world defi,bigram,DeFi & Web3,2,FALSE,2,30,Defi App: Buy & Sell Crypto,com.defi.mobile,BLOCKCHAINWORLD,com.zcode.nftsguide,DeBank Crypto & DeFi Portfolio,com.debank.meme,DeFi Wallet – KEYRING PRO,co.bacoor.keyring,DEFI,com.donteverforgetit
crypto apps,bigram,Trading Actions,2,FALSE,6,30,"Crypto.com: Buy BTC, ETH & CRO",co.mona.android,Bybit: Buy Bitcoin & Crypto,com.bybit.app,MetaMask: Trade Crypto,io.metamask,Coinbase: Buy Crypto & Stocks,com.coinbase.android,Robinhood: Trading & Investing,com.robinhood.android
access digital,bigram,Asset Coverage,2,FALSE,Not in top 30,30,Google Wallet,com.google.android.apps.walletnfcrel,Selar: Access digital products,com.selar.consumer,Flipster - Digital Magazines,com.eis.mae.flipster.readerapp,Alcoa Tenn FCU Digital Access,mahalo.alcoa,UBS Access: Secure login,com.ubs.swidK2Y.android
access private,bigram,Custody & Storage,2,FALSE,Not in top 30,30,Private Internet Access VPN,com.privateinternetaccess.android,DBS Private Access,com.dbs.sg.access,VPN private internet access,com.everfunappsllc.vpn.security,DNS Changer - IPv4 & IPv6,com.appplanex.dnschanger,Microsoft Edge: AI browser,com.microsoft.emmx
app deposit,bigram,Usability & Experience,2,FALSE,Not in top 30,30,Axos All-In-One Mobile Banking,com.axos.udb,GO2bank: Mobile banking,com.greendotcorp.go2bank,Anytime Deposit,com.localfirstbank.anytimedeposit,Dayspring Mobile Deposit,com.cachet.android.mobiledeposit.gothenburg,Frost Bank,com.frostbank.android
before trading,bigram,Trading Actions,2,FALSE,Not in top 30,30,ProRealTime: Stock Market Live,com.prorealtime.prtmobile,Intellectia: AI Trading Signal,com.intellectia.ai.insights,Forex Broker: Trading.com US,com.trading.application,Trading Game - Stock Simulator,com.tiim.tradinggame,OKX: Buy Bitcoin BTC & Crypto,com.okinc.okex.gp
blockchain app,bigram,DeFi & Web3,2,FALSE,Not in top 30,19,Blockchain Wallet: Buy BTC,,"Bitcoin.com Wallet: Buy, Sell",com.bitcoin.mwallet,Ledger Wallet™ crypto app,com.ledger.live,Base: formerly Coinbase Wallet,org.toshi,MetaMask: Trade Crypto,io.metamask
create account,bigram,Account & Finance,2,FALSE,Not in top 30,30,Gmail,com.google.android.gm,Yahoo Mail,com.yahoo.mobile.client.android.mail,Microsoft Outlook,com.microsoft.office.outlook,Google Authenticator,com.google.android.apps.authenticator2,Instagram,com.instagram.android
crypto access,bigram,Trading Actions,2,FALSE,Not in top 30,11,Cofinex: Buy Bitcoin & Crypto,io.cofinex.cofinex_mobile_app,"Crypto.com: Buy BTC, ETH & CRO",co.mona.android,xPortal: Crypto & DeFi Wallet,com.elrond.maiar.wallet,BitradeX-AI Crypto Trading,io.noah.pro,MEXC: Buy Bitcoin BTC & Crypto,com.mexcpro.client
cryptocurrencies secure,bigram,Asset Coverage,2,FALSE,Not in top 30,30,"Bitcoin.com Wallet: Buy, Sell",com.bitcoin.mwallet,Crypto.com: Onchain Wallet,com.defi.wallet,"Crypto.com: Buy BTC, ETH & CRO",co.mona.android,Trust: Crypto & Bitcoin Wallet,com.wallet.crypto.trustapp,Ledger Wallet™ crypto app,com.ledger.live
defi connect,bigram,DeFi & Web3,2,FALSE,Not in top 30,30,DEFI,com.donteverforgetit,Defi App: Buy & Sell Crypto,com.defi.mobile,AnyDesk Remote Desktop,com.anydesk.anydeskandroid,Fitness Connection,com.bottegasol.com.migym.fitnessconnection,Two Dots: Connect the dots,com.weplaydots.twodotsandroid
earn 10,bigram,Earning & Yield,2,FALSE,Not in top 30,30,Earn 11 : Earn money by games,com.gog.earn11,Earn Litecoin,com.ml.freelitecoin,EasyEarn Get real rewards,com.make.mone.task,Wordscapes: Word puzzle game,com.peoplefun.wordcross,BrandBee: Earn Money & Rewards,com.embeepay.mpm
information provided,bigram,Multi-Platform & Access,2,FALSE,Not in top 30,30,Domino's Pizza USA,com.dominospizza,Galaxy Watch7 Plugin,com.samsung.wearable.watch7plugin,Calorie Counter by fatsecret,com.fatsecret.android,Device Info HW+,ru.andr7e.deviceinfohw.pro,Grand Theft Auto: San Andreas,com.rockstargames.gtasa
instantly trade,bigram,Trading Actions,2,FALSE,Not in top 30,14,Apexpay - Redeem Gift Cards,com.app.apexpay,Carding - Sell Gift Cards,com.bh.carding,Tbay: Sell Gift Cards,com.gonglian.tbay,GiftCardsToNaira:Sell GiftCard,com.dockthor.giftcardstonaira,GCBUYING: Sell Gift Cards,com.gcbuying
invest like,bigram,Account & Finance,2,FALSE,Not in top 30,14,Acorns: Invest For Your Future,com.acorns.android,Betterment Invest & Save Money,com.betterment,Stash: Investing made easy,com.stash.stashinvest,Risevest: Invest in Dollars,com.rise.mobile,"Liquide-Trade, Invest In Stock",life.liquide.app
manage nfts,bigram,DeFi & Web3,2,FALSE,Not in top 30,9,SafePal: Crypto Wallet BTC NFT,io.safepal.wallet,Ledger Wallet™ crypto app,com.ledger.live,Simple NFT Creator | Base Mint,com.dedaldev.simplenftcreator,Crypto & NFTs - Nobl Wallet,finance.nobl.android,Kraken Wallet: Crypto & NFT,com.kraken.superwallet
own bank,bigram,Payments & Banking,2,FALSE,Not in top 30,19,OwnBank,,Georgia's Own Mobile Banking,com.alkamitech.georgiasown,Idle Bank Tycoon: Money Empire,com.luckyskeletonstudios.idlebanktycoon,Openbank U.S.,us.openbank.digital,Regions Bank,com.regions.mobbanking
powerful trading,bigram,Trading Actions,2,FALSE,Not in top 30,30,XS - Trade Forex & Stocks,com.xs.mobile,"SMC Ace: Demat, Stocks & IPO",com.smc.ace,PNL - Simple Trading Journal,cypto.trade.manager,Chart AI - Trading Analysis,com.itechgemini.ai_chart,TradingView: Track All Markets,com.tradingview.tradingviewapp
priority support,bigram,Usability & Experience,2,FALSE,Not in top 30,13,Priority Pass™,com.prioritypass3,Priority Health Member Portal,com.priorityhealth.memberportal,Priority Health OTC,com.benacct.priority,Uber - Request a ride,com.ubercab,Priority List,com.hakjav.prioritylist
risk disclosure,bigram,Security & Trust,2,FALSE,Not in top 30,29,Laminitis Risk,uk.co.vizar.laminitis,Take5 Personal Risk Assessment,com.autobotshq16.android.take5,Zurich Risk Advisor,com.zurich.riskgrading.whatif,Risky Wars,com.vertexarts.riskywars,Risk.net,com.incisivemedia.riskpugpig
security first,bigram,Security & Trust,2,FALSE,Not in top 30,30,Security First Mobiliti™,com.securityfirstfcu.mobile,Security First Bank Mobile,com.mfoundry.mb.android.mb_10u,Security First Mobile,com.securityfirstflorida.mobile,First Security Mobile Banking,com.firstsecuritybt.mobile,First Security Mobile Banking,com.asiweb.mackinaw.mobilebanking
simple steps,bigram,Usability & Experience,2,FALSE,Not in top 30,30,Simple Step Counter,com.kjm.stepcounter,Simple Step Tracker Pedometer,com.simplesmartappsolutions.simplestepper,Simple Pedometer,com.galeroz.simple_pedometer,Easy Homescreen,easy.launcher,Move to iOS,com.apple.movetoios
stake explore,bigram,Earning & Yield,2,FALSE,Not in top 30,30,Stake – Stocks | ETFs | SMSF,com.stake.stake,Stake: Real Estate Investing,com.stake.investments.money.investor,Stake: Rent with a Return.,com.stake.stakeandroidapp,Stake booster,com.staketovllc.stakecontrolrealitypro,Stakeplot,com.stakeplot.pfa
swap stake,bigram,Trading Actions,2,FALSE,Not in top 30,30,Stake: Real Estate Investing,com.stake.investments.money.investor,Swap Wallet,com.fmkj.swap,MetaMask: Trade Crypto,io.metamask,RuufPay Crypto Pay Swap Wallet,com.ruufpay.ruufpaymobileapp,Sweatcoin・Walking Step Counter,in.sweatco.app
than bitcoin,bigram,Trading Actions,2,FALSE,Not in top 30,14,"Bitcoin.com Wallet: Buy, Sell",com.bitcoin.mwallet,Bitcoin Mining (Crypto Miner),crypto.bitcoin.ethereum.litecoin.cloud.mining.eth.btc.ltc.hash.pool.cloud_mining,BTCC - Trade Bitcoin & Crypto,com.btcc.hy,Click for BTC - Earn Bitcoin,com.minoslab.clickforbtc,Coin Wallet - Bitcoin & Crypto,com.coinspace.app
thousands cryptocurrencies,bigram,Asset Coverage,2,FALSE,Not in top 30,23,"Crypto.com: Buy BTC, ETH & CRO",co.mona.android,Coinbase: Buy Crypto & Stocks,com.coinbase.android,"Bitcoin.com Wallet: Buy, Sell",com.bitcoin.mwallet,Coin Wallet - Bitcoin & Crypto,com.coinspace.app,OKX: Buy Bitcoin BTC & Crypto,com.okinc.okex.gp
wallet blockchain,bigram,Custody & Storage,2,FALSE,Not in top 30,19,Blockchain Wallet: Buy BTC,,Ledger Wallet™ crypto app,com.ledger.live,Coinomi: Crypto Bitcoin Wallet,com.coinomi.wallet,"Bitcoin.com Wallet: Buy, Sell",com.bitcoin.mwallet,Trust: Crypto & Bitcoin Wallet,com.wallet.crypto.trustapp
way send,bigram,Payments & Banking,2,FALSE,Not in top 30,8,Sendwave: Send Money Abroad,com.mychime.waveremit.app,Taptap Send: Money Transfer,com.taptapsend,Western Union Send Money Now,com.westernunion.android.mtapp,Remitly: Send Money & Transfer,com.remitly.androidapp,Rewire: Transfer Money Abroad,com.rewire.app
world most,bigram,Identity & Brand Trust,2,FALSE,Not in top 30,30,Duolingo: Language Lessons,com.duolingo,The Weather Channel - Radar,com.weather.Weather,World Cricket Championship 2,com.nextwave.wcc2,Google Maps,com.google.android.apps.maps,WhatsApp Messenger,com.whatsapp
